{"train_loss": [0.4384428862206362, 0.04169722806869282, 0.038630493364676284, 0.038305729903556685, 0.03843793557542893, 0.03860885912069568, 0.03873421981309851, 0.038838264601374115, 0.03892373341929029, 0.03897178585261658, 0.038954490416303826, 0.03884921557511444, 0.03865761737580652, 0.041032051391623636, 0.038064600692854986, 0.03734122230498879, 0.03685646148881427, 0.036550164119237, 0.036340222073098026, 0.03618563458116518, 0.03606529927088155, 0.03596785093692166, 0.03588672996395164, 0.03581782357974185, 0.035758331331803846, 0.03570619239299386, 0.03506053308093989, 0.035004575892041125, 0.03498069717790241, 0.03496561525389552, 0.03495385070089941, 0.03494363892133589, 0.03493431764137414, 0.03492559790956201, 0.03491733631946974, 0.034909450345569186, 0.0349018883511976, 0.034894612410830125, 0.03488760106955414, 0.03488082880223239, 0.034874278845058546, 0.03486793698673999, 0.03486178684289808, 0.03485581865189252, 0.03485001716762781, 0.034844376526221084, 0.03483888306827457, 0.03483352870507925, 0.034828306969117234, 0.03482320728815264, 0.03481822416048359, 0.03481334910072662, 0.034808576520946294, 0.03480390052276629, 0.03479931577695189, 0.034794817161228925, 0.03479039979477724, 0.034786057848207375, 0.03478178819986405, 0.03477758765910511, 0.03477345179352495, 0.034769376325938434, 0.034765359583414264, 0.03476139692658627, 0.03475748719992461, 0.034753626902346256, 0.0347498137227915, 0.0347460451087466, 0.03474231868016499, 0.03473863488546124, 0.034734987981479476, 0.03473137943419041, 0.034727805104382614, 0.03472426516452321, 0.03472075601004892, 0.0347172804866676, 0.034651247405067635, 0.03465078415832034, 0.03465034169386382, 0.034649915613785935, 0.034649499502308945, 0.03464909537729842, 0.03464869987564506, 0.03464831128992416, 0.03464792767125699, 0.03464754926109755, 0.034647176387133424, 0.03464071425022902, 0.03464067539338161, 0.034640637795544334, 0.03464059938711149, 0.03464056099592536, 0.034640523674035514, 0.03464048523110924, 0.03464044680542968, 0.0346404086039574, 0.034640369988563985, 0.03464033199405229, 0.03463967606701233, 0.0346396723072286], "val_loss": [0.09582990678873929, 0.06692405654625459, 0.06894479725848544, 0.07051053033633665, 0.07201047851280733, 0.07346454516730526, 0.07491047003052452, 0.07636326449838551, 0.07780227945609526, 0.07916314628991214, 0.08035738055001605, 0.08131791041655974, 0.0820334560491822, 0.06414844027974388, 0.06301652927967635, 0.0631591510027647, 0.06323395229198715, 0.06324725411832333, 0.06322767551649701, 0.06319466199387204, 0.06316207281567833, 0.06313914856450124, 0.06313128227537329, 0.06314101595092904, 0.06316914070736278, 0.06321536394005473, 0.063200702552091, 0.0631573438983072, 0.06313283165747469, 0.06311520697040991, 0.06309964423152534, 0.06308406269685789, 0.06306754171170971, 0.06304976107044653, 0.06303075311536138, 0.06301074424250559, 0.06298996965316209, 0.06296873532912949, 0.06294733556834134, 0.06292602623050864, 0.062905020842498, 0.06288450160487132, 0.06286459009755742, 0.06284539841792801, 0.062827025286176, 0.06280951422046531, 0.06279289146715944, 0.06277719241651622, 0.06276242705908688, 0.06274860521609132, 0.06273572790351781, 0.06272374415262179, 0.06271266869523308, 0.06270246647975662, 0.06269313242625106, 0.0626846081153913, 0.06267688728191635, 0.06266993656754494, 0.06266375681893392, 0.06265829892998392, 0.06265355138616129, 0.06264946474270387, 0.06264603967693719, 0.06264325332912532, 0.06264105235988443, 0.06263944523578341, 0.06263840215449984, 0.06263790127228606, 0.06263794800774618, 0.06263847970827059, 0.06263951042836363, 0.062640990215269, 0.06264292533424767, 0.06264531883326444, 0.06264812126755714, 0.06265132975849239, 0.06265188685872337, 0.06265150535513055, 0.06265120614658702, 0.06265097568658265, 0.06265081211247227, 0.0626507064496929, 0.06265063939446752, 0.06265061856670813, 0.0626506380398165, 0.06265070915899494, 0.06265080076727, 0.0626508268443021, 0.06265083412555131, 0.0626508415761319, 0.06265085342932832, 0.06265086714516986, 0.06265088238499382, 0.06265089000490578, 0.06265091404996136, 0.06265091726725752, 0.06265093487772075, 0.06265095130286434, 0.06265087967569177, 0.06265079450200904]}