{"train_loss": [0.06381637894182006, 0.049699785248618095, 0.035773773932660693, 0.03189385301825943, 0.02896081341454351, 0.025891855540147914, 0.02227607211888004, 0.018066409296817115, 0.014856458987858893, 0.013221721021143978], "val_loss": [0.05727829852994912, 0.032659099585789, 0.028788189929564, 0.026470691530068546, 0.023216208044061836, 0.019221062981018985, 0.014933318445378275, 0.012394340248236392, 0.010695351350075067, 0.010150762853333755]}