{"train_loss": [0.27986202389001846, 0.06400806586837994], "val_loss": [0.07824400030076503, 0.07083014547824859]}