{"train_loss": [0.33131978898826575, 0.03786672460329202, 0.03656081957052703, 0.03567002772319096, 0.0350552166260227, 0.03406235503239764, 0.0329365614215257, 0.03208050797520964, 0.031542285086794034, 0.03122010025092297, 0.031022163125237933, 0.030892187488023883, 0.030799292407378002, 0.03225824430033013, 0.03074637997067637, 0.030358340263504674, 0.030057835720341514, 0.029855661197668977, 0.02971379988378397, 0.029610799608269223, 0.029533335042220575, 0.029472848693667737, 0.0294237790491294, 0.02938247523787949, 0.029346529739322485, 0.028784100087014614, 0.028756193195780117, 0.02874291031103995, 0.02873293953706269, 0.02872432914941951, 0.02871643367257935, 0.028709004633128643, 0.028701930375838722, 0.028695159471007408, 0.028688653113527432, 0.028682394349878584, 0.028625482710561267, 0.02862477383610827, 0.028624070584084147, 0.02862337754211492, 0.02862269243363429, 0.028622014172099256, 0.02862134087761795, 0.02862067215351595, 0.028620006758029812, 0.02861934627785727, 0.028618687746563443, 0.02861273330118921, 0.02861266652191127, 0.02861259991510047, 0.028612533084082382, 0.028612463717797288, 0.02861239576574277, 0.02861232662366496, 0.028612258067975443, 0.028612188425742917, 0.028612118352342536, 0.02861204886533044, 0.02861142134362901, 0.02861141465190384, 0.02861140944339611, 0.02861140242398337, 0.02861139657734721, 0.02861138979938847, 0.028611382797222445, 0.028611377761181857, 0.028611372035272694, 0.02861136598167596, 0.028611359445171222, 0.028611351632409625, 0.02861134588925375, 0.028611339766670157, 0.02861133335089242, 0.028611326434959967, 0.02861132027788295, 0.028611313154989923, 0.02861130794648219, 0.028611300892576023, 0.028611295011446432, 0.028611287336658547, 0.028611280851893954, 0.028611274177415505, 0.028611267468443623, 0.028611261035419173, 0.028611253705565578, 0.028611247358774697, 0.028611240891256818, 0.028611234044311224, 0.028611226473003626, 0.028611219919252175, 0.028611213262020437, 0.028611206346087985, 0.028611200240751106, 0.028611193152351513, 0.02861118668483363, 0.028611180458769755, 0.028611173629070872, 0.028611166730385135, 0.02861115979720597, 0.028611153398674948], "val_loss": [0.04757972874424674, 0.046731043606996536, 0.04837232455611229, 0.05053174885159189, 0.05197559771212665, 0.052629967643456024, 0.053098559718240394, 0.05354854312132706, 0.05389415608210997, 0.0541023774580522, 0.05420444177632982, 0.05424572222612121, 0.054258312014016236, 0.04137624173679135, 0.04181537472388961, 0.04202692769467831, 0.04219572076743299, 0.042345772751353004, 0.0424786928025159, 0.042598753490231255, 0.04270947352051735, 0.042813791978088295, 0.042913940819826996, 0.04301170395179228, 0.04310828498141332, 0.043109622191299095, 0.04309393973513083, 0.043083608827807686, 0.04307394169948318, 0.04306346381252462, 0.043051949786868965, 0.04303959299894897, 0.04302668080411174, 0.04301354712383314, 0.04300046779892661, 0.04298765263096853, 0.042986408045346085, 0.042984775860201226, 0.042983182282610374, 0.04298163831911304, 0.04298013482581486, 0.04297866638411175, 0.042977233163335106, 0.04297581992366097, 0.042974443259564316, 0.04297308894720944, 0.042971756478602234, 0.042971631342714485, 0.04297149689360098, 0.04297136583111503, 0.04297123612328009, 0.042971106584776535, 0.04297097213566303, 0.04297084107317708, 0.042970703237436035, 0.04297057048163631, 0.04297043840316209, 0.042970301752740685, 0.04297023503617807, 0.042970169335603714, 0.042970097877762535, 0.04297003522515297, 0.042969970371235504, 0.042969906025312164, 0.04296984032473781, 0.04296977614814585, 0.04296971061690287, 0.04296964525499127, 0.04296958226371895, 0.04296951740980148, 0.042969450523907486, 0.042969387363303795, 0.042969324202700096, 0.042969260534102265, 0.04296919432553378, 0.0429691287942908, 0.042969068004326386, 0.04296899705447934, 0.04296894439242103, 0.04296887784518979, 0.04296881705522537, 0.04296875186264515, 0.042968686670064926, 0.04296862164681608, 0.042968557131561363, 0.042968488721684975, 0.042968428270383316, 0.042968361215157944, 0.042968302287838676, 0.042968237433921204, 0.04296817224134098, 0.04296810772608627, 0.0429680465974591, 0.042967979034239594, 0.04296791604296728, 0.04296785254370083, 0.04296778701245785, 0.04296772469851104, 0.04296766001392494, 0.04296759854663502]}