{"train_loss": [0.19596143549232814, 0.09512120295811251, 0.08922623336918092, 0.08626353781605732, 0.08398814464924652, 0.08193911590500375, 0.07997005960414175, 0.0770005901381804, 0.067276073307488, 0.06162499147601899, 0.059663926052048025, 0.05829558196353775, 0.0572724418574675, 0.056472715733282136, 0.05582104393986264, 0.0552668615508114, 0.05477704049621014, 0.05433232152048563, 0.053921714285119424, 0.05353822982250955, 0.0531770134872267, 0.052835162772091826, 0.052510752940195145, 0.052202698790785894, 0.05191000065405589, 0.051631947882430404, 0.05136742959649577, 0.04903172134190281, 0.0485583208824341, 0.04823041275531226, 0.0480434272998158, 0.04790545769595687, 0.04778726142696563, 0.04767921526049603, 0.047577952029388075, 0.04748200648868015, 0.047390569518239514, 0.047303122247574644, 0.04721923051886476, 0.047017775766680696, 0.04679757583821784, 0.04671672887755612, 0.04665763805367354, 0.046614753954500134, 0.04658230886164773, 0.0465566434203028, 0.046535478775642514, 0.04651736133231248, 0.04650134721372513, 0.04648681359656284, 0.046473343248312184, 0.04646064914935241, 0.04644853125374786, 0.04643685750749414, 0.04642552822139222, 0.04641446948180653, 0.0464036305774154, 0.04639297307097499, 0.046382472338962415, 0.04637210061396822, 0.04636184948717238, 0.046257908246076174, 0.04625584954944994, 0.046254009880513126, 0.04625232350834877, 0.04625074314545689, 0.04624924009848881, 0.046247798271175755, 0.046246400824344225, 0.046245042213125725, 0.04624371372723166, 0.04624241133990315, 0.046230568448243116, 0.046230439053622285, 0.04623031000353697, 0.046230180361281244, 0.04623005007302141, 0.046229923488518405, 0.046229793630927975, 0.04622966550678187, 0.04622953670433146, 0.04622940971069253, 0.04622928080057478, 0.04622807319281418, 0.046228062221511254, 0.04622805314515367, 0.04622804216308401, 0.04622803193468579, 0.04622802193238901, 0.04622801101491975, 0.04622800089418888, 0.04622798985828554, 0.04622798031895836, 0.04622797028436137, 0.04622796057276643, 0.04622794985986514, 0.04622793973913427, 0.04622792881089828, 0.0462279181625974, 0.04622790910777329], "val_loss": [0.12012365252472633, 0.11201643155411233, 0.10640321368741434, 0.1031092818566533, 0.10114479238210722, 0.10017545815817146, 0.09922895892414936, 0.09504224472614221, 0.08272238448262215, 0.0815491137462993, 0.08090858551305394, 0.08053463766741198, 0.08031705836224001, 0.08019807934761047, 0.08014336644217025, 0.08013136303702066, 0.08015568129891573, 0.08021881509312363, 0.08031648769974709, 0.0804358747636163, 0.08056640599009603, 0.08070104534542838, 0.0808332292146461, 0.08096189216472381, 0.0810826221524283, 0.0811957060251125, 0.08129864108077316, 0.0695394647502622, 0.07002938772703327, 0.07050019398678181, 0.07094037186267764, 0.07135153076676436, 0.0717369443628677, 0.07209904890420825, 0.0724398058860801, 0.07276093084798303, 0.07306407504650049, 0.07335067817638087, 0.07362181390094202, 0.06817425388929456, 0.06740740175510562, 0.06711071261832881, 0.06690976300904918, 0.06676224844400273, 0.06665464187430781, 0.06657803483134092, 0.06652567353706028, 0.06649232915667601, 0.06647387259574823, 0.06646702126708141, 0.06646924933721853, 0.06647857477845148, 0.0664934441447258, 0.06651256467367328, 0.06653503181282865, 0.06656008802874144, 0.06658711544303007, 0.06661565523854522, 0.06664530820278235, 0.06667586571948472, 0.06670702794610067, 0.06671821170074996, 0.06671808131558951, 0.06671637669205666, 0.06671338693000549, 0.06670933442060338, 0.06670446304041286, 0.06669894848452058, 0.06669298559427261, 0.0666866474893204, 0.06668005329231884, 0.06667331554168879, 0.06667334724997365, 0.06667327681599661, 0.066673198671535, 0.06667309895504353, 0.06667297654027163, 0.06667285308588383, 0.06667269965590433, 0.0666725438001544, 0.0666723519043867, 0.06667215039217195, 0.06667194446158964, 0.06667212613446769, 0.0666723268669705, 0.06667251425773599, 0.06667269913609637, 0.06667289103186408, 0.06667308024195738, 0.06667326356089393, 0.06667345822897068, 0.06667363894886749, 0.06667383760213852, 0.06667401988145917, 0.06667420172760653, 0.06667439526943274, 0.0666745771155801, 0.06667475662259169, 0.06667494799855143, 0.06667512473325397]}