{"train_loss": [0.1896447736791448, 0.09415508955286417, 0.08885966200446117, 0.08627928601782446, 0.08457616929804658, 0.08316056499246917, 0.08183694943096596, 0.0805125009763792, 0.07902947479503693, 0.07690105617390891, 0.07089077756670169, 0.061382378392309124, 0.05848972105308075, 0.05698480508747818, 0.055996471294605665, 0.055262183953571874, 0.054663302904436356, 0.05414669721715712, 0.053686096026115335, 0.0532667167334026, 0.052879276755400474, 0.05251748835118864, 0.05217690953198885, 0.051854227890255136, 0.04894100665787741, 0.04844280246193009, 0.048227909629400066, 0.048099122026321516, 0.04799546612523539, 0.04790028462434091, 0.047809261064222786, 0.04772139105924292, 0.047636409489319506, 0.0475541748903218, 0.04747450488452622, 0.047397241383963236, 0.04719393308452099, 0.047047793811370184, 0.04695927712398802, 0.04689116966560741, 0.046840880647560076, 0.04680272051795369, 0.0467727944750145, 0.046748543610376427, 0.04672826403439734, 0.046710800842484294, 0.04669536243198235, 0.046681397901363456, 0.04666852141391335, 0.04665645553240542, 0.04664500900732644, 0.0466340353572472, 0.046623430650875056, 0.046613118272124, 0.046603039068552114, 0.04659315044695587, 0.04658341889048932, 0.046573822165844755, 0.046564338190448765, 0.04655495176167157, 0.046545653760088665, 0.04645028553170965, 0.046447908527330856, 0.04644588523172919, 0.04644406965874523, 0.04644239604516181, 0.04644082304671665, 0.04643932068881961, 0.046437874845514406, 0.04643647216604969, 0.04643510362790155, 0.04643376627021787, 0.04642220717892481, 0.046422068729479876, 0.04642193244414867, 0.04642179453304048, 0.04642165863531173, 0.04642152355585484, 0.046421386689119944, 0.046421251308194474, 0.04642111585190186, 0.046420983324161155, 0.04642084713573056, 0.04641966231038116, 0.046419651554412925, 0.04641963861279749, 0.046419628362865804, 0.0464196166594249, 0.04641960607572442, 0.046419594781419445, 0.046419584176185504, 0.04641957295724767, 0.04641956024173367, 0.046419550519372, 0.04641953963420294, 0.04641952821069715, 0.04641951816533342, 0.04641950557902025, 0.046419495242954675, 0.0464194833026456], "val_loss": [0.11871161138595537, 0.11178782339705977, 0.10700417604557304, 0.10430447506003601, 0.10275329441525215, 0.10190055120822995, 0.10157143705806067, 0.1015723594572655, 0.10160707335832507, 0.1006058295105779, 0.08923382944492407, 0.08504082427121872, 0.08448795463110126, 0.08467083329031634, 0.08489864770063134, 0.08503295853734016, 0.08508771761905315, 0.08509454624943955, 0.08507547484234322, 0.08503987388901932, 0.08499085357369379, 0.0849302499446758, 0.08485867117726525, 0.08477685401259466, 0.07063378402313521, 0.07110368728984234, 0.07156529060976449, 0.07198858044521753, 0.07237523482289425, 0.07272939730522245, 0.07305464209165684, 0.07335338819512101, 0.07362794053069381, 0.07388041982817095, 0.07411280811526054, 0.0743269614528778, 0.06948896202930184, 0.06872350107445273, 0.06838598093667696, 0.06813791888051254, 0.0679435433689938, 0.06779152232893677, 0.06767378478895786, 0.06758368387818336, 0.06751577174940775, 0.06746575193003167, 0.0674300696267638, 0.06740587135387022, 0.06739090616966403, 0.06738333672631619, 0.067381642325673, 0.06738466318956642, 0.06739144720310389, 0.06740126732823461, 0.0674134316139443, 0.06742750818646231, 0.06744309133568475, 0.06745985384250797, 0.06747750158226767, 0.06749592435567878, 0.06751488998185756, 0.06757152981536332, 0.06760650699914889, 0.06763101369142532, 0.06764732301235199, 0.06765721452444098, 0.06766214213052461, 0.06766321094230164, 0.06766130307386088, 0.0676571704274, 0.06765131695672523, 0.0676442137811073, 0.06764481467909592, 0.06764529498164044, 0.0676457419298416, 0.06764614963254263, 0.06764652181503385, 0.06764685120000395, 0.06764714229245518, 0.06764738114420758, 0.06764759461200515, 0.06764777602497922, 0.06764791637312534, 0.0676481126872606, 0.06764829747898635, 0.06764849292677502, 0.06764867615907691, 0.06764887238657752, 0.0676490544059942, 0.0676492469082045, 0.0676494243359843, 0.06764962047685025, 0.06764979738482209, 0.06764998711472334, 0.06765016402269519, 0.06765035470557768, 0.0676505329130694, 0.0676507227296053, 0.06765089504594027, 0.0676510819168978]}