{"train_loss": [0.01878597565987567, 0.00615648292604626, 0.005744780600270808, 0.005381908833424965, 0.005179816084442252, 0.004826599552072265, 0.004682100527767939, 0.00454452805273043, 0.004480023020298856, 0.0044133313785630875], "val_loss": [0.00508364295810401, 0.004740009215943839, 0.007393129443263878, 0.004382099560911853, 0.004076892329528388, 0.003781444485330783, 0.005315738969711938, 0.004201122475435564, 0.0036940159549450746, 0.00396441255569392]}