{"train_loss": [0.33635618896396074, 0.043939439234910185, 0.043499531120889716, 0.041796891294695715, 0.040610809775966185, 0.03970679206152757, 0.03917156891138465, 0.038908509675551345, 0.0387860170600039, 0.038710890544785395, 0.038635912627257685, 0.03854596345788903, 0.03916510594663797, 0.038105364716439334, 0.03774970845767745, 0.037431464116606444, 0.03719952040248447, 0.0370245153705279, 0.03688960063650652, 0.03678341689347117, 0.03669801216434549, 0.03662770103525232, 0.03656842428501005, 0.03651724017604634, 0.03588115803345486, 0.0358386329823622, 0.03581834708650907, 0.035803689172974336, 0.035791404648787446, 0.03578043146127904, 0.03577034713493453, 0.03576095367747324, 0.03575214033049566, 0.03574383472678838, 0.03573598084902322, 0.03567223840703567, 0.035671390041157054, 0.035670550609076465, 0.03566972459493964, 0.03566890872187085, 0.035668099437046935, 0.035667297085402186, 0.035666502011870896, 0.035665714319933345, 0.03566492966341751, 0.035664149870475136, 0.03565754358553224, 0.03565746321584339, 0.03565738598505656, 0.03565730520144657, 0.03565722524567887, 0.03565714439308202, 0.03565706257466917, 0.035656982446434324, 0.035656900559034616, 0.03565681860264805, 0.03565673574943234, 0.035656043190371106, 0.035656034498027074, 0.03565602832370334, 0.03565602218387304, 0.035656013801969866, 0.03565600673081698, 0.03565599945270353, 0.035655992209083505, 0.03565598506894377, 0.0356559776528566, 0.03565596968487457, 0.035655962924162544, 0.035655955128647665, 0.03565594733313278, 0.035655940503433896, 0.035655932707919016, 0.03565592649910185, 0.03565591856561325, 0.03565590997674951, 0.03565590276762291, 0.03565589407527888, 0.03565588745254057, 0.03565588082980226, 0.03565587286182024, 0.035655865583706786, 0.035655856822375896, 0.035655849509769015, 0.035655842162668705, 0.03565583502252897, 0.03565582774441551, 0.03565581953497948, 0.035655811670477745, 0.03565580487527229, 0.03565579787310627, 0.035655790491512525, 0.03565578248903707, 0.035655774279601045, 0.0356557664150993, 0.035655757722755275, 0.03565575106552354, 0.03565574361494294, 0.035655734991585766, 0.03565572719607088], "val_loss": [0.06111022355881604, 0.0682751378891143, 0.07033190215853127, 0.07236983965743672, 0.07366468249396844, 0.07467472316189246, 0.07544169507243416, 0.07595606723969633, 0.07629453932697122, 0.07654088532382791, 0.0767377686094154, 0.07689985158768567, 0.0594284175471826, 0.05997778864746744, 0.06024735556407408, 0.0604858992790634, 0.060725176029584625, 0.06096312031149864, 0.061199820854447105, 0.061435187912800095, 0.06166941113770008, 0.061902732673016464, 0.06213545088063587, 0.06236792237243869, 0.06247242709452456, 0.062461275776678864, 0.062439423901113594, 0.06241170333867723, 0.06238115087828853, 0.06234958988021721, 0.062318124723705376, 0.06228742917830294, 0.06225798414512114, 0.062230116095055237, 0.06220401874320074, 0.06220376152883877, 0.06220275146717375, 0.06220166554505175, 0.06220052357424389, 0.06219930337233977, 0.0621980337256735, 0.06219669295982881, 0.062195299193263054, 0.06219383887946606, 0.06219233657148751, 0.062190785496072334, 0.062190656465562905, 0.06219051219522953, 0.062190370803529564, 0.06219023178246888, 0.06219007769091563, 0.062189934267239136, 0.06218978457830169, 0.06218964047729969, 0.06218948774039745, 0.06218934838067402, 0.06218918836252256, 0.06218907016922127, 0.06218895417722789, 0.06218884174119343, 0.0621887267651883, 0.062188613821159706, 0.06218849715184082, 0.062188380313190544, 0.062188265337185425, 0.06218814951452342, 0.062188037586483086, 0.06218792548911138, 0.06218781271441416, 0.062187695198438385, 0.06218758564103733, 0.062187472358345985, 0.062187357890335, 0.06218724511563778, 0.062187131832946434, 0.0621870177035982, 0.06218690729954026, 0.06218679147687825, 0.06218667650087313, 0.06218656897544861, 0.0621864568780769, 0.062186345288699325, 0.06218622980470007, 0.062186118215322495, 0.06218600713393905, 0.06218588470735333, 0.062185767530040306, 0.06218566034327854, 0.062185551463202995, 0.06218543665652925, 0.06218532574447719, 0.06218521110713482, 0.06218510493636131, 0.0621849906376817, 0.06218488158827478, 0.062184766781601036, 0.062184657393531365, 0.062184546650810676, 0.06218442998149178, 0.06218432160941037]}