{"train_loss": [0.39907598647254483, 0.05000311929594587, 0.04424649382148076, 0.04098299204337376, 0.039372716236997535, 0.03863736138575607, 0.03832347775568013, 0.0381993071038138, 0.03815282341437759, 0.03813266185008817, 0.03811636398097983, 0.038094203988159145, 0.0380705195237641, 0.03769812149996007, 0.037320937064510805, 0.0370364453367613, 0.03684506582579127, 0.036709841133819684, 0.036611100727761234, 0.03653653102271535, 0.03647817476411109, 0.03643078394924049, 0.03639087201682506, 0.03635613923823392, 0.0357746007265868, 0.03574224856371681, 0.03572786499366716, 0.03571823159991591, 0.035710416061596736, 0.03570346889534482, 0.035697031248774796, 0.0356909503677377, 0.0356851422779814, 0.0356795699680569, 0.03567420898212327, 0.035616078345036065, 0.035615467121479685, 0.035614863210530194, 0.0356142665087073, 0.03561367639512927, 0.03561309128309841, 0.03561251246611829, 0.035611936132665035, 0.03561136323130793, 0.03561079412422798, 0.03561022772488219, 0.035604188563647096, 0.0356041315805029, 0.03560407226905227, 0.0356040144753125, 0.035603954611967005, 0.035603896231838954, 0.03560383692038832, 0.0356037772640034, 0.03560371690050319, 0.03560365662323656, 0.03560359641495678, 0.03560296315009947, 0.03560295795883845, 0.03560295131885343, 0.035602946369046415, 0.035602942316068545, 0.03560293664189952, 0.035602931640352366, 0.03560292536254834, 0.03560292087840261, 0.035602913721016156, 0.035602908719469, 0.03560290325226055, 0.035602897146923676, 0.03560289271451809, 0.0356028881613855, 0.035602881348933337, 0.03560287545055703, 0.035602871914980586, 0.03560286543021599, 0.03560285896269812, 0.03560285453029253, 0.035602849201057794, 0.03560284304398077, 0.0356028376630059, 0.035602832333771164, 0.03560282545233214, 0.0356028210716667, 0.03560281488009625, 0.035602808084890795, 0.035602803255810785, 0.03560279835774391, 0.03560279206269317, 0.03560278583662929, 0.03560278118001642, 0.03560277476423868, 0.03560276874513538, 0.035602763967795506, 0.035602758259133054, 0.035602751895095465, 0.035602746772821305, 0.03560274068473114, 0.0356027340274994, 0.03560272942262667], "val_loss": [0.062403458255258476, 0.07453514787961137, 0.07353792441162196, 0.07417535070668567, 0.07500145719809966, 0.07543152875520966, 0.07548656687140465, 0.07538932121612808, 0.07528361102396791, 0.07521004974842072, 0.07516443966464563, 0.07513711432164366, 0.0607509965246374, 0.06146249615333297, 0.06154690750620582, 0.06168997660279274, 0.061856579035520554, 0.0620378145778721, 0.062229090285572136, 0.06242742118510333, 0.0626309160143137, 0.06283844397826628, 0.06304924190044403, 0.06326269104399464, 0.06324797072871165, 0.0632371822880073, 0.0632466787303036, 0.06325750188394026, 0.06326350739056413, 0.0632636198265986, 0.06325867839834907, 0.06325002573430538, 0.06323896229944447, 0.06322660331021655, 0.06321371008049358, 0.06321229430084879, 0.06321021457287399, 0.06320827251130884, 0.0632064537229863, 0.06320474669337273, 0.06320315633307803, 0.0632016531784426, 0.06320024992931973, 0.06319891475141048, 0.06319763105023991, 0.0631964106790044, 0.06319628452712839, 0.06319614516740496, 0.06319600360637362, 0.06319586915726011, 0.063195734877478, 0.06319560246034102, 0.06319546936587854, 0.06319534152068874, 0.06319520707157525, 0.06319506940516559, 0.06319493817334826, 0.06319481337612326, 0.06319469044154341, 0.0631945827467875, 0.06319445371627808, 0.06319433467631991, 0.06319422596557574, 0.06319409676573494, 0.06319397908042777, 0.0631938644430854, 0.06319374083118005, 0.06319361755793745, 0.0631935080005364, 0.06319338896057823, 0.06319326484067873, 0.06319315172731876, 0.06319303421134298, 0.06319290924478661, 0.06319278715686365, 0.0631926798007705, 0.06319254602898251, 0.06319243054498326, 0.06319231675429778, 0.06319218704646284, 0.0631920685144988, 0.06319196081974289, 0.0631918278946118, 0.06319170546802608, 0.06319159557196227, 0.06319148059595715, 0.06319135088812221, 0.06319123743609949, 0.0631911192427982, 0.06319099478423595, 0.06319087760692293, 0.06319076432423158, 0.06319063681770455, 0.06319051726975224, 0.0631904077123512, 0.06319027698852799, 0.0631901587952267, 0.06319005177779631, 0.06318993104452436, 0.06318980489264835]}