{"train_loss": [0.3938599867677247, 0.05177015376587709, 0.04984649429442706, 0.04962846526393184, 0.05003630525122086, 0.05012085302560418, 0.04962331725767365, 0.04889669076160148, 0.048335130567903874, 0.04800865609474756, 0.04784535509706647, 0.04777735802862379, 0.050399385082225, 0.04936881456524134, 0.04828563677491965, 0.047462463930801106, 0.04684918239298794, 0.04637613882207208, 0.04600559982160727, 0.045711869960305865, 0.04547669810967313, 0.045286649424168796, 0.04513161463869943, 0.04424210692997332, 0.044166598158578076, 0.0441253121804308, 0.04409861136917715, 0.044078769610711825, 0.044062464980891454, 0.044048165109146525, 0.04403511369255958, 0.04402290105267807, 0.044011297083839225, 0.04400016215664369, 0.043911934485314066, 0.0439107490496503, 0.04390955568049793, 0.043908363691082704, 0.04390717608233293, 0.043905989439399155, 0.04390480676320968, 0.04390362653605364, 0.04390245062057619, 0.04390127215258501, 0.04390009627160099, 0.043890760728606475, 0.04389064338196207, 0.04389052337932366, 0.043890401927961245, 0.043890279786730255, 0.043890159128716695, 0.04389003719444628, 0.04388991384594529, 0.04388978897973343, 0.04388966421700186, 0.04388953962673744, 0.04388855439093378, 0.04388854355999717, 0.04388853165976427, 0.04388852038041309, 0.043888509170048766, 0.04388849830461873, 0.04388848623191869, 0.043888474745606934, 0.04388846250043975, 0.04388845111760828, 0.043888440528125676, 0.04388842859339935, 0.04388841686563359, 0.04388840596571013, 0.04388839313415466, 0.0438883811649349, 0.043888369747610005, 0.04388835826129825, 0.04388834608511792, 0.04388833408140474, 0.04388832256059955, 0.04388831086732723, 0.04388829793229147, 0.043888285790604574, 0.04388827492517454, 0.04388826271450078, 0.043888249089596446, 0.04388823853460727, 0.04388822649640066, 0.04388821480312833, 0.04388820293738886, 0.043888190002353104, 0.04388817772269249, 0.043888166167393876, 0.04388815419817412, 0.043888141849526656, 0.04388812929391861, 0.04388811649685657, 0.04388810580389367, 0.04388809328277906, 0.0438880801062893, 0.04388806848200383, 0.04388805620234321, 0.043888043922682606], "val_loss": [0.06807283210483464, 0.08186039768836716, 0.08480428633364764, 0.0908363817090338, 0.09604365785013545, 0.09903185780752789, 0.10031528601592238, 0.1009933477775617, 0.10157622159882025, 0.10217838531190698, 0.10278385877609253, 0.10335899821736595, 0.07864281738346274, 0.07821716198867018, 0.07816902378743346, 0.0781972814689983, 0.07830029319633137, 0.07845492525534196, 0.07864661955020645, 0.07886575501073491, 0.07910570502281189, 0.07936191152442586, 0.07963111420924013, 0.0796869278631427, 0.07964589412916791, 0.07961879873817618, 0.079596589573405, 0.07957540926608173, 0.07955376465212215, 0.07953124933622101, 0.0795078690756451, 0.07948392020030455, 0.07945978539911183, 0.07943585379557176, 0.07943574000488628, 0.0794346159832044, 0.07943342456763441, 0.0794322168962522, 0.07943094657226042, 0.07942962917414578, 0.07942827757109296, 0.0794268816032193, 0.0794254294173284, 0.07942394878376614, 0.07942243089730089, 0.07942228391766548, 0.07942214642058719, 0.07942201535810124, 0.07942187786102295, 0.07942174476656047, 0.07942160964012146, 0.07942146028984677, 0.07942131940614093, 0.07942116870121523, 0.07942101393233646, 0.07942086763002655, 0.07942073114893654, 0.07942059432918375, 0.07942045886408199, 0.07942032306031747, 0.07942018861120398, 0.07942005551674149, 0.07941992377693002, 0.07941978898915378, 0.0794196528467265, 0.07941951772028749, 0.0794193863191388, 0.0794192606752569, 0.07941912791945717, 0.07941899651830847, 0.07941886918111281, 0.07941873845728961, 0.07941860637881538, 0.07941848242824728, 0.07941835475238887, 0.07941822606054219, 0.07941809669137001, 0.07941797138615088, 0.07941784167831595, 0.07941771772774783, 0.07941759580915625, 0.07941747050393712, 0.0794173435054042, 0.07941721989349886, 0.07941709357229146, 0.07941697334701364, 0.07941684736446901, 0.07941672544587743, 0.07941660555926236, 0.07941647923805496, 0.07941635291684758, 0.07941623065959323, 0.07941610704768788, 0.0794159783558412, 0.07941585711457512, 0.0794157287613912, 0.0794156098907644, 0.0794154828922315, 0.07941535826433789, 0.07941523668440906]}