{"train_loss": [0.25056390864950306, 0.03771504104348286], "val_loss": [0.0598486065864563, 0.04761768262833357]}