{"train_loss": [0.2743022511449625, 0.05171952075061371], "val_loss": [0.05948675386607647, 0.05066504888236523]}