{"train_loss": [0.4240084020075975, 0.042977778896413465, 0.040876822373657314, 0.03961064338822056, 0.039117312231273564, 0.03872658864215568, 0.03839119296107027, 0.03810459106332726, 0.03786359606655659, 0.037660916059933325, 0.03748898280577527, 0.037341469070977636, 0.03835054383509689, 0.03668733662063325, 0.03643061500042677, 0.03624022721002499, 0.036122696819128816, 0.036042608682894044, 0.03598286587469004, 0.035934525835155336, 0.03589292186208897, 0.03585562072004433, 0.03582129099716743, 0.03578914232827999, 0.035106341251068644, 0.035050661803257686, 0.03503020416462311, 0.03501784853223297, 0.03500819237281879, 0.034999679291137946, 0.03499177762272733, 0.034984267972133776, 0.03497705553416853, 0.03497008506760553, 0.034963331702682704, 0.03489188011735678, 0.0348910057089395, 0.034890146011969554, 0.034889308252820266, 0.034888493035126616, 0.03488769370165688, 0.03488690951080234, 0.034886137720335414, 0.034885380796536254, 0.03488462966763311, 0.03488388854182429, 0.0348764483437494, 0.03487637214776543, 0.03487629648642959, 0.03487621922114933, 0.0348761428354515, 0.03487606577713181, 0.034875988218657394, 0.03487591217789385, 0.03487583427448516, 0.03487575644006332, 0.03487567786403276, 0.0348748990541531, 0.03487489094819735, 0.03487488394603133, 0.034874877237059454, 0.03487487082128172, 0.034874863594908406, 0.03487485569591323, 0.03487485022870479, 0.03487484284711105, 0.034874836172632595, 0.034874828066676855, 0.034874820374642256, 0.034874813751903946, 0.034874806473790494, 0.03487479924741718, 0.034874791658862876, 0.03487478520859171, 0.03487477796497168, 0.034874770911065514, 0.03487476409861335, 0.034874755733956896, 0.03487474831786973, 0.03487474060858841, 0.034874733399461816, 0.03487472655251622, 0.034874717980899195, 0.0348747108924996, 0.03487470397656715, 0.03487469614655883, 0.034874689282366526, 0.03487468159033193, 0.034874673225675466, 0.03487466575784816, 0.03487465948004414, 0.03487465058073953, 0.03487464378553408, 0.03487463786991106, 0.03487462969496846, 0.034874621520025864, 0.03487461451785984, 0.03487460694655224, 0.03487459978916579, 0.034874592235104904], "val_loss": [0.0671256235377355, 0.06874922053380446, 0.06966830502179536, 0.07213273678313602, 0.07417323694310406, 0.07570706985213539, 0.07676825672388077, 0.0774876753037626, 0.07799320261586797, 0.07837387309833006, 0.07868156649849632, 0.07894350588321686, 0.06282700970768929, 0.06338760087435896, 0.06375555321574211, 0.06400840272280303, 0.06420577639205889, 0.06436256014487961, 0.064494173635136, 0.06461219489574432, 0.06472479670562527, 0.06483726118775932, 0.06495298953218893, 0.0650737788528204, 0.06482440114698627, 0.06473213739015839, 0.06470989926972172, 0.06471170620484785, 0.06471937488425862, 0.06472603553398089, 0.06472956338389353, 0.06472980569709431, 0.06472718952731653, 0.06472247805107724, 0.06471628594127568, 0.06471189687197859, 0.06470689990303734, 0.06470226564190605, 0.06469799781387503, 0.06469404595819386, 0.06469039364971897, 0.06468701955269683, 0.0646838942034678, 0.06468100811947476, 0.06467835063284094, 0.06467587517743761, 0.06467560712586749, 0.06467533365569332, 0.0646750566295602, 0.06467477858743885, 0.06467450308528813, 0.06467422301119025, 0.06467395716092804, 0.06467367048290643, 0.06467339718206362, 0.06467313353310931, 0.06467287056148052, 0.06467277082529935, 0.06467267210510644, 0.0646725744009018, 0.06467247974466193, 0.06467237645252184, 0.06467227908697995, 0.06467217681082812, 0.06467207995328036, 0.06467197987843644, 0.06467188522219658, 0.06467178430069577, 0.06467167897657915, 0.06467157940972935, 0.06467148136686195, 0.06467138315466317, 0.06467128629711541, 0.06467118943956765, 0.06467109342867677, 0.06467099741778591, 0.06467089378698306, 0.06467080082405698, 0.0646707048131661, 0.06467060575431044, 0.06467051279138435, 0.06467041999778965, 0.0646703266962008, 0.06467022899199616, 0.06467013315043667, 0.06467003967951644, 0.06466994586993348, 0.06466984647241505, 0.06466975367882034, 0.06466966223987666, 0.06466956335035237, 0.06466946615414186, 0.06466937403787267, 0.06466927480968562, 0.06466917744414373, 0.06466908363456075, 0.06466898322105408, 0.06466889296743003, 0.06466880051249807, 0.06466870297762481]}