{"train_loss": [0.051657078960058285, 0.00877927253848673, 0.0070910599185988726, 0.0066257608099282795, 0.006364206448397088, 0.0061235408672207885, 0.006070458656608759, 0.0059625397452649515, 0.005814863702640732, 0.005664757063534612], "val_loss": [0.007721475153057663, 0.005541002159768623, 0.0051017684289283, 0.0047953768089315915, 0.004879261933110459, 0.004907996586148834, 0.005848417447716066, 0.005446187236323309, 0.004990807499443354, 0.004710102577608964]}