{"train_loss": [0.1571697612661262, 0.09985949384958245], "val_loss": [0.09756062413717426, 0.09241633671660755]}