{"train_loss": [0.05263120094922384, 0.008514590038690525, 0.00684746575323718, 0.006539837897440687, 0.0063355589237181435, 0.0061442787009413705, 0.006011546822669635, 0.005807439763699205, 0.005715132865274233, 0.0056205066095257085], "val_loss": [0.010582848527485988, 0.005454656829336014, 0.005071981737453398, 0.00488071372649161, 0.0052392833020371374, 0.004930422189688586, 0.005022126366384327, 0.004653816456320109, 0.005479032888772817, 0.004946300154120696]}