{"train_loss": [0.27657638391796147, 0.04638266057338355], "val_loss": [0.08928579762578011, 0.06710709370672703]}