{"train_loss": [0.40885588457738914, 0.04895025836648764, 0.049145959593631605, 0.04769631761505648, 0.04731169718973063, 0.04723119570149316, 0.0472441716119647, 0.047280573527570126, 0.047339426939962084, 0.04743346202842615, 0.047559347141672065, 0.04769631951219506, 0.04781645698541844, 0.05069011180765099, 0.04789630492666253, 0.047066128433302594, 0.04641590967636417, 0.04595146797321461, 0.045602147881355554, 0.045331900732384786, 0.04511815647560137, 0.044945949516086665, 0.04480497090628854, 0.04468784174295487, 0.04458911385801104, 0.04450469584790645, 0.04377650203942149, 0.04372547522049259, 0.04369904142287043, 0.043682094421927574, 0.04366936565687259, 0.04365880801169961, 0.043649504202659485, 0.043640995743098085, 0.04363302658829424, 0.04362544958928117, 0.04361817575301285, 0.043546078657662426, 0.04354529265590288, 0.04354450503295219, 0.043543721066304934, 0.043542940307546546, 0.04354215975574873, 0.0435413815839975, 0.04354060737899056, 0.04353983006957504, 0.04353905845157526, 0.043538286454147763, 0.0435307660933446, 0.04353068806920891, 0.043530609700138924, 0.04353052960639751, 0.043530451547768384, 0.043530369832835814, 0.043530288324863824, 0.043530209748833266, 0.04353012751649927, 0.043530046939849854, 0.04352996519042386, 0.043529175497867445, 0.04352916866816856, 0.043529160113798246, 0.0435291538015008, 0.043529145488584484, 0.043529139935142465, 0.04352913207064072, 0.0435291255513827, 0.043529117548907245, 0.043529109442951505, 0.04352910244078548, 0.0435290958525406, 0.043529088229492856, 0.04352908067543198, 0.04352907274194338, 0.04352906463598764, 0.043529058082236186, 0.04352905035570816, 0.043529042767153844, 0.04352903600644182, 0.0435290285213678, 0.04352902027743834, 0.04352901324077889, 0.04352900513482315, 0.04352899764974912, 0.043528989923221094, 0.043528982196693065, 0.04352897529800733, 0.04352896867526902, 0.04352896136266214, 0.04352895308423926, 0.0435289445988558, 0.043528936734354054, 0.043528928628398314, 0.04352892293698258, 0.043528915106974264, 0.04352890658709738, 0.0435288995159445, 0.04352889175492304, 0.04352888395940816, 0.04352887416327441], "val_loss": [0.08170648461038416, 0.08153329112313011, 0.08225380087440665, 0.08412475037303838, 0.08518458530306816, 0.08577537435022267, 0.08638849346475168, 0.08729000491174785, 0.08852255852385, 0.09003327854655006, 0.0917428769171238, 0.09354272891174663, 0.09529640864242207, 0.07983215627345172, 0.07946628332138062, 0.07973024858669801, 0.07995204254984856, 0.08014908094297755, 0.08034166084094481, 0.08054049990393898, 0.08075177093798463, 0.08097881823778152, 0.08122313090346077, 0.08148455450480635, 0.08176257664507086, 0.08205604790286584, 0.08178089728409593, 0.08156803859905763, 0.08148446814580397, 0.08145745674317534, 0.08145182512023232, 0.08145143633539026, 0.0814497135579586, 0.08144467493349855, 0.08143625408411026, 0.0814253335649317, 0.08141286705027927, 0.0814103711057793, 0.08140657740560445, 0.08140301433476535, 0.0813996744426814, 0.081396529620344, 0.08139360729943622, 0.0813908919014714, 0.08138833025639708, 0.08138592100956223, 0.08138366924090819, 0.08138151805509221, 0.08138129047372124, 0.08138104358857329, 0.08138079771941359, 0.08138055963949724, 0.08138032562353394, 0.08138009296222166, 0.08137985454364256, 0.08137961206111041, 0.08137937702915886, 0.08137915689836848, 0.0813789235597307, 0.08137876134027135, 0.08137860589406708, 0.08137843520803885, 0.08137827772985805, 0.0813781124624339, 0.08137795261361382, 0.08137778599153865, 0.08137762275609103, 0.08137746426192197, 0.08137730407443913, 0.08137714083899152, 0.08137698132883418, 0.0813768245279789, 0.08137666196985678, 0.0813764983957464, 0.08137633956291458, 0.0813761715861884, 0.08137601580132138, 0.08137584951790897, 0.08137568966908888, 0.08137552575631575, 0.08137536218220537, 0.08137520267204805, 0.0813750374046239, 0.08137487721714107, 0.08137471533634445, 0.0813745493915948, 0.08137438954277472, 0.08137422969395464, 0.08137406544251875, 0.08137390491637317, 0.0813737457448786, 0.0813735814934427, 0.08137342266061089, 0.08137325874783775, 0.08137310194698247, 0.08137293329293077, 0.08137277750806375, 0.08137261765924367, 0.08137245374647054, 0.08137229592962698]}