{"train_loss": [0.45986767796178657, 0.036509890040313756, 0.034000328810954536, 0.03380542784860289, 0.03395806496135063, 0.03384124039223901, 0.03334370410690705, 0.03268477682852083, 0.0321026504971087, 0.03167010942060086, 0.031365077701155784, 0.031149524712452182, 0.030993456038197986, 0.03220322334931956, 0.030058019570316428, 0.02985624489546926, 0.029694623503558063, 0.02958742653330167, 0.02951433876943257, 0.029462043782351195, 0.029422081937944447, 0.029389185572250023, 0.029360251708163157, 0.02933348618723728, 0.029307927608627965, 0.028742671409552847, 0.028717690095719364, 0.028706218909334252, 0.028696945661471948, 0.02868859507833366, 0.028680757343493127, 0.028673268302723213, 0.028666054605747813, 0.028659081948852097, 0.02865232877364313, 0.02864578226581216, 0.02858698869951897, 0.028586190418098813, 0.028585407675968275, 0.028584638800196075, 0.028583888292174647, 0.028583150736435695, 0.028582423821919493, 0.028581705599747324, 0.028580993707119313, 0.02858028698850561, 0.02857958803091336, 0.02857343007430986, 0.02857335896610662, 0.028573286271205655, 0.028573215421703126, 0.028573143433917453, 0.028573070445822343, 0.02857299766468781, 0.02857292450412556, 0.028572849963826162, 0.028572776372096053, 0.028572701728316368, 0.028572052734455577, 0.02857204635317127, 0.028572038747370243, 0.02857203295247422, 0.028572026691916916, 0.02857201905162246, 0.028572013067012583, 0.0285720055129517, 0.028571999062680535, 0.028571991957034224, 0.028571985437776202, 0.028571979090985324, 0.028571971588664584, 0.02857196418982413, 0.028571958394928113, 0.028571950633906655, 0.028571944166388776, 0.028571936526094324, 0.028571930593224586, 0.028571923039163703, 0.02857191500219482, 0.0285719088451178, 0.028571902670794062, 0.028571894409617892, 0.0285718887699423, 0.028571880439779273, 0.028571873230652675, 0.028571867039082228, 0.028571859260814056, 0.028571852224154606, 0.02857184498053458, 0.02857183842678313, 0.02857183116591639, 0.02857182347388179, 0.028571816057794623, 0.02857180902113517, 0.028571801449827575, 0.028571794413168122, 0.028571787117807952, 0.02857178115044479, 0.028571773234202905, 0.02857176480055959], "val_loss": [0.04892581904476339, 0.04661642624573274, 0.04705054211345586, 0.04925792579623786, 0.051260399547490204, 0.05232576450163668, 0.05264303663914854, 0.05272960933772, 0.05279173007742925, 0.05284759114411744, 0.05289351313628934, 0.052934801375324074, 0.05297739820724184, 0.04060438613999973, 0.04119453917850147, 0.041545780883593994, 0.04184401695701209, 0.04210685244338079, 0.04233523322777315, 0.04253404672172936, 0.042708502913063225, 0.04286375980485569, 0.043004395948214966, 0.0431344173848629, 0.043256983160972595, 0.043254313143816864, 0.04323190027339892, 0.0432171757248315, 0.04320566677911715, 0.0431955891915343, 0.04318628697232767, 0.04317750375379215, 0.04316915012896061, 0.04316122965379195, 0.04315373284572905, 0.043146716092120514, 0.04314578290690075, 0.04314441945065151, 0.043143135072155434, 0.04314194264059717, 0.04314082623882727, 0.043139775029637596, 0.04313879561695186, 0.04313786006109281, 0.04313698360188441, 0.043136154555461624, 0.04313535598868674, 0.043135281313549385, 0.04313520629974929, 0.043135123496705834, 0.0431350435722958, 0.04313496195457198, 0.04313487187027931, 0.043134785341945564, 0.04313469627364115, 0.04313460771333088, 0.043134513395753776, 0.043134425512769005, 0.043134338815103875, 0.04313425973735072, 0.043134182183579964, 0.04313409836454825, 0.04313401860946959, 0.04313394105569883, 0.04313385622067885, 0.04313377274030989, 0.04313369400121949, 0.04313361763276837, 0.04313352907245809, 0.043133451010693206, 0.0431333715942773, 0.043133281509984626, 0.04313320361755111, 0.04313311691988598, 0.043133036148819054, 0.04313295910304243, 0.04313287122005766, 0.04313279265029864, 0.04313271018591794, 0.043132624673572456, 0.0431325471198017, 0.04313246059146794, 0.043132379312406884, 0.04313230141997337, 0.043132215907627884, 0.04313213395124132, 0.04313205707479607, 0.0431319713931192, 0.043131893162022934, 0.043131804432381286, 0.04313172840259292, 0.04313164763152599, 0.04313156178051775, 0.043131486597386276, 0.04313140582631935, 0.04313131946731697, 0.043131244453516876, 0.04313115860250863, 0.04313107918609272, 0.043131001462990586]}